,Player,HOF Probability,Inducted
1,Barry Bonds,100.0%,No
2,Willie Mays HOF,100.0%,Yes
3,Alex Rodriguez,99.8%,No
4,Stan Musial HOF,99.8%,Yes
5,Ted Williams HOF,99.8%,Yes
6,Henry Aaron HOF,99.7%,Yes
7,Mickey Mantle HOF,99.5%,Yes
8,Rickey Henderson HOF,99.4%,Yes
9,Joe Morgan HOF,98.7%,Yes
10,Carl Yastrzemski HOF,98.6%,Yes
11,Cal Ripken Jr. HOF,98.3%,Yes
12,Mike Schmidt HOF,98.1%,Yes
13,Ken Griffey Jr. HOF,97.3%,Yes
14,Frank Robinson HOF,96.6%,Yes
15,George Brett HOF,95.9%,Yes
16,Wade Boggs HOF,95.7%,Yes
17,Eddie Mathews HOF,94.8%,Yes
18,Roberto Clemente HOF,91.3%,Yes
19,Adrian Beltré HOF,90.9%,Yes
20,Pete Rose,90.8%,No
21,Ron Santo HOF,90.2%,Yes
22,Robin Yount HOF,89.7%,Yes
23,Ernie Banks HOF,89.6%,Yes
24,Al Kaline HOF,89.0%,Yes
25,Chipper Jones HOF,88.4%,Yes
26,Reggie Jackson HOF,86.7%,Yes
27,Joe DiMaggio HOF,85.8%,Yes
28,Jeff Bagwell HOF,84.6%,Yes
29,Rod Carew HOF,83.4%,Yes
30,Gary Carter HOF,83.1%,Yes
31,Derek Jeter HOF,82.7%,Yes
32,Johnny Bench HOF,82.3%,Yes
33,Frank Thomas HOF,81.3%,Yes
34,Duke Snider HOF,81.3%,Yes
35,Carlos Beltrán HOF,80.3%,Yes
36,Todd Helton HOF,78.0%,Yes
37,Craig Biggio HOF,73.8%,Yes
38,Ryne Sandberg HOF,72.9%,Yes
39,Brooks Robinson HOF,72.0%,Yes
40,Sammy Sosa,71.3%,No
41,Jim Thome HOF,71.1%,Yes
42,Willie McCovey HOF,70.9%,Yes
43,Chase Utley,68.9%,No
44,Eddie Murray HOF,68.6%,Yes
45,Paul Molitor HOF,68.5%,Yes
46,Johnny Mize HOF,68.2%,Yes
47,Mike Piazza HOF,68.0%,Yes
48,Andruw Jones HOF,67.9%,Yes
49,Rafael Palmeiro,67.4%,No
50,Tim Raines HOF,66.6%,Yes
51,Roberto Alomar HOF,66.5%,Yes
52,Alan Trammell HOF,66.4%,Yes
53,Jackie Robinson HOF,66.1%,Yes
54,Barry Larkin HOF,65.5%,Yes
55,Andre Dawson HOF,64.2%,Yes
56,Lou Boudreau HOF,64.0%,Yes
57,Iván Rodríguez HOF,63.5%,Yes
58,Bobby Abreu,63.2%,No
59,Edgar Martínez HOF,62.0%,Yes
60,Larry Walker HOF,61.9%,Yes
61,Manny Ramirez,61.3%,No
62,Ozzie Smith HOF,60.3%,Yes
63,Dave Winfield HOF,60.3%,Yes
64,Kenny Lofton,59.9%,No
65,Ken Boyer,59.7%,No
66,Billy Williams HOF,59.5%,Yes
67,Ichiro Suzuki HOF,59.3%,Yes
68,Richie Ashburn HOF,58.2%,Yes
69,Bobby Grich,57.5%,No
70,Gary Sheffield,57.3%,No
71,Dick Allen HOF,56.0%,Yes
72,Scott Rolen HOF,54.6%,Yes
73,Pee Wee Reese HOF,54.0%,Yes
74,Graig Nettles,53.7%,No
75,Vladimir Guerrero HOF,53.1%,Yes
76,Tony Gwynn HOF,52.6%,Yes
77,Jason Giambi,52.5%,No
78,Carlton Fisk HOF,51.9%,Yes
79,Jim Edmonds,50.7%,No
80,Mark McGwire,48.1%,No
81,Dale Murphy,48.0%,No
82,Jim Wynn,47.9%,No
83,Vada Pinson,46.9%,No
84,Sal Bando,46.4%,No
85,Harmon Killebrew HOF,45.0%,Yes
86,Yogi Berra HOF,43.0%,Yes
87,Darrell Evans,42.4%,No
88,Joe Mauer HOF,41.8%,Yes
89,César Cedeño,41.3%,No
90,Dwight Evans,41.1%,No
91,Joe Torre HOF,39.7%,Yes
92,Bobby Bonds,39.7%,No
93,Joe Gordon HOF,39.7%,Yes
94,Nomar Garciaparra,39.5%,No
95,Buddy Bell,39.0%,No
96,David Ortiz HOF,38.1%,Yes
97,Fred McGriff HOF,37.4%,Yes
98,Lou Whitaker,35.6%,No
99,Keith Hernandez,35.4%,No
100,Ted Simmons HOF,34.4%,Yes
101,Willie Stargell HOF,34.3%,Yes
102,Bernie Williams,34.0%,No
103,Tony Pérez HOF,33.6%,Yes
104,Dave Parker HOF,33.4%,Yes
105,Ralph Kiner HOF,33.4%,Yes
106,Willie Davis,33.2%,No
107,Lance Berkman,33.1%,No
108,John Olerud,33.1%,No
109,Miguel Tejada,30.4%,No
110,Jim Fregosi,30.3%,No
111,Jeff Kent HOF,29.6%,Yes
112,Minnie Miñoso HOF,28.5%,Yes
113,Bert Campaneris,27.2%,No
114,Robin Ventura,27.0%,No
115,Reggie Smith,26.3%,No
116,Luis Gonzalez,26.3%,No
117,Fred Lynn,26.3%,No
118,Jimmy Rollins,26.3%,No
119,Johnny Damon,26.1%,No
120,Ian Kinsler,25.6%,No
121,Larry Doby HOF,25.5%,Yes
122,David Wright,25.2%,No
123,Enos Slaughter HOF,24.9%,Yes
124,Mark Teixeira,24.4%,No
125,Jim Rice HOF,24.2%,Yes
126,Lou Brock HOF,23.8%,Yes
127,Brian Giles,23.7%,No
128,Dustin Pedroia,23.4%,No
129,Brett Butler,23.0%,No
130,Rusty Staub,22.3%,No
131,Troy Tulowitzki,22.1%,No
132,Ron Cey,21.6%,No
133,Carlos Delgado,21.2%,No
134,Chuck Knoblauch,21.0%,No
135,Kirby Puckett HOF,20.9%,Yes
136,Luis Aparicio HOF,20.8%,Yes
137,Dolph Camilli,20.6%,No
138,Willie Randolph,20.5%,No
139,Nellie Fox HOF,20.4%,Yes
140,Bobby Doerr HOF,20.2%,Yes
141,José Cruz,20.2%,No
142,Ben Zobrist,19.9%,No
143,Hanley Ramírez,19.7%,No
144,Will Clark,19.7%,No
145,Steve Finley,19.5%,No
146,José Bautista,19.0%,No
147,Bob Johnson,18.9%,No
148,Toby Harrah,17.8%,No
149,Chet Lemon,17.6%,No
150,Curtis Granderson,17.6%,No
151,Orlando Cepeda HOF,17.0%,Yes
152,George Foster,16.7%,No
153,Julio Franco,16.4%,No
154,Jorge Posada,16.3%,No
155,Tony Phillips,16.0%,No
156,Thurman Munson,15.7%,No
157,Bob Elliott,15.6%,No
158,Tony Oliva HOF,15.5%,Yes
159,Roy Campanella HOF,15.4%,Yes
160,Roy White,14.7%,No
161,Vern Stephens,14.7%,No
162,Devon White,14.7%,No
163,Albert Belle,14.4%,No
164,Matt Holliday,14.3%,No
165,Rocky Colavito,13.8%,No
166,Gene Tenace,13.3%,No
167,Adrián González,13.2%,No
168,Ellis Burks,13.1%,No
169,Torii Hunter,12.9%,No
170,Bill Freehan,12.7%,No
171,Don Mattingly,12.6%,No
172,Ken Singleton,12.5%,No
173,Gil Hodges HOF,12.4%,Yes
174,Norm Cash,12.1%,No
175,Willie Wilson,11.8%,No
176,Matt Williams,11.4%,No
177,Jay Bell,11.4%,No
178,Al Dark,11.3%,No
179,Jason Kendall,11.3%,No
180,Mike Cameron,10.9%,No
181,Omar Vizquel,10.9%,No
182,Víctor Martínez,10.6%,No
183,Amos Otis,10.6%,No
184,Harlond Clift,10.2%,No
185,Tony Fernández,10.0%,No
186,Darryl Strawberry,9.9%,No
187,Jack Clark,9.9%,No
188,José Reyes,9.6%,No
189,Dave Concepción,9.5%,No
190,Red Schoendienst HOF,9.5%,Yes
191,Phil Rizzuto HOF,9.1%,Yes
192,Shawn Green,8.9%,No
193,Aramis Ramírez,8.8%,No
194,Augie Galan,8.7%,No
195,Johnny Callison,8.6%,No
196,Eddie Stanky,8.6%,No
197,Magglio Ordóñez,8.6%,No
198,Felipe Alou,8.2%,No
199,José Canseco,7.9%,No
200,Mark Grace,7.9%,No
201,Lance Parrish,7.9%,No
202,Lonny Frey,7.5%,No
203,Troy Glaus,7.4%,No
204,Rafael Furcal,7.4%,No
205,Paul Blair,7.3%,No
206,Rico Petrocelli,7.3%,No
207,Al Oliver,7.2%,No
208,Tim Wallach,7.1%,No
209,Ray Lankford,7.0%,No
210,Andy Van Slyke,6.9%,No
211,Jim Gilliam,6.7%,No
212,Tim Salmon,6.7%,No
213,Bill Nicholson,6.6%,No
214,Brian Downing,6.6%,No
215,Brady Anderson,6.5%,No
216,Carl Crawford,6.5%,No
217,Maury Wills,6.4%,No
218,Boog Powell,6.4%,No
219,Eddie Yost,6.3%,No
220,Darrell Porter,6.2%,No
221,Plácido Polanco,6.1%,No
222,Steve Garvey,5.9%,No
223,Chili Davis,5.9%,No
224,Davey Lopes,5.8%,No
225,Johnny Pesky,5.6%,No
226,George Scott,5.5%,No
227,Alfonso Soriano,5.4%,No
228,Marquis Grissom,5.3%,No
229,J.D. Drew,5.2%,No
230,Cecil Cooper,5.1%,No
231,Jesse Barfield,5.0%,No
232,Bobby Bonilla,5.0%,No
233,Juan González,5.0%,No
234,Édgar Rentería,5.0%,No
235,Curt Flood,5.0%,No
236,Dick Groat,5.0%,No
237,Eric Davis,5.0%,No
238,Bobby Murcer,4.9%,No
239,Bill White,4.9%,No
240,Doug DeCinces,4.7%,No
241,Moisés Alou,4.7%,No
242,Andrés Galarraga,4.7%,No
243,Eric Chavez,4.7%,No
244,Lenny Dykstra,4.6%,No
245,Ken Caminiti,4.6%,No
246,Sid Gordon,4.6%,No
247,Paul O'Neill,4.6%,No
248,Frank Howard,4.5%,No
249,Pedro Guerrero,4.5%,No
250,Jim Sundberg,4.4%,No
251,Willie McGee,4.4%,No
252,Mickey Vernon,4.4%,No
253,Derrek Lee,4.3%,No
254,Russell Martin,4.2%,No
255,Kirk Gibson,4.2%,No
256,Gary Gaetti,4.2%,No
257,Roger Maris,4.2%,No
258,David Justice,4.1%,No
259,Mark Belanger,4.0%,No
260,Carney Lansford,3.9%,No
261,Dick McAuliffe,3.9%,No
262,Del Ennis,3.9%,No
263,Andy Pafko,3.9%,No
264,Garry Maddox,3.8%,No
265,Ray Durham,3.8%,No
266,Bill Madlock,3.8%,No
267,Harold Baines HOF,3.8%,Yes
268,Eddie Joost,3.6%,No
269,Don Buford,3.6%,No
270,Travis Fryman,3.4%,No
271,Gil McDougald,3.3%,No
272,Jeff Cirillo,3.3%,No
273,Jhonny Peralta,3.2%,No
274,Brian McCann,3.2%,No
275,Tommy Holmes,3.2%,No
276,Tommy Henrich,3.1%,No
277,Bob Allison,3.1%,No
278,George Kell HOF,3.1%,Yes
279,Greg Vaughn,3.0%,No
280,Kent Hrbek,3.0%,No
281,Reggie Sanders,3.0%,No
282,Johnny Logan,2.9%,No
283,Ron Gant,2.9%,No
284,Bobby Thomson,2.9%,No
285,Elston Howard,2.8%,No
286,Lonnie Smith,2.8%,No
287,Wally Moses,2.8%,No
288,Ted Kluszewski,2.8%,No
289,Jeff Heath,2.8%,No
290,Cecil Travis,2.7%,No
291,Mickey Tettleton,2.7%,No
292,Dusty Baker,2.6%,No
293,Dom DiMaggio,2.6%,No
294,Alex Ríos,2.6%,No
295,Javy López,2.6%,No
296,Rudy York,2.5%,No
297,Carlos Lee,2.5%,No
298,Brian Jordan,2.5%,No
299,Brian Roberts,2.5%,No
300,Vernon Wells,2.5%,No
301,Mo Vaughn,2.5%,No
302,Edgardo Alfonzo,2.5%,No
303,Ken Keltner,2.4%,No
304,Paul Konerko,2.4%,No
305,Bill Doran,2.4%,No
306,Don Money,2.4%,No
307,Tony Peña,2.3%,No
308,Dwayne Murphy,2.3%,No
309,Phil Cavarretta,2.3%,No
310,Darin Erstad,2.3%,No
311,José Valentín,2.2%,No
312,Michael Young,2.2%,No
313,Jayson Werth,2.2%,No
314,Brandon Phillips,2.2%,No
315,Ken McMullen,2.2%,No
316,Adam Jones,2.2%,No
317,Hal Trosky,2.2%,No
318,Robby Thompson,2.2%,No
319,Garret Anderson,2.1%,No
320,Manny Sanguillén,2.1%,No
321,Garry Templeton,2.0%,No
322,Bret Boone,2.0%,No
323,Rico Carty,2.0%,No
324,Elbie Fletcher,2.0%,No
325,Hal McRae,1.9%,No
326,Don Baylor,1.9%,No
327,Bill Mazeroski HOF,1.9%,Yes
328,Shane Victorino,1.9%,No
329,Ron Fairly,1.8%,No
330,Joe Carter,1.8%,No
331,Lance Johnson,1.8%,No
332,Lloyd Moseby,1.8%,No
333,Prince Fielder,1.8%,No
334,Jacoby Ellsbury,1.8%,No
335,Mickey Rivers,1.8%,No
336,Terry Pendleton,1.8%,No
337,Ken Griffey,1.7%,No
338,Scott Fletcher,1.7%,No
339,Wally Joyner,1.7%,No
340,Raúl Mondesí,1.7%,No
341,Pete Runnels,1.7%,No
342,Del Crandall,1.7%,No
343,Carl Furillo,1.7%,No
344,Gary Matthews,1.6%,No
345,Roy Smalley,1.6%,No
346,George Hendrick,1.6%,No
347,Von Hayes,1.6%,No
348,B.J. Surhoff,1.6%,No
349,Chris Speier,1.6%,No
350,Buddy Lewis,1.6%,No
351,Joe Adcock,1.5%,No
352,Dave Henderson,1.5%,No
353,Frank White,1.5%,No
354,Harvey Kuenn,1.5%,No
355,Randy Winn,1.5%,No
356,Rick Monday,1.5%,No
357,Luis Castillo,1.5%,No
358,Melvin Mora,1.5%,No
359,Jim Piersall,1.4%,No
360,Kevin McReynolds,1.4%,No
361,Orlando Hudson,1.4%,No
362,Gene Woodling,1.4%,No
363,Jermaine Dye,1.4%,No
364,Larry Bowa,1.4%,No
365,Marty Marion,1.4%,No
366,Leo Cárdenas,1.4%,No
367,Smoky Burgess,1.4%,No
368,Tino Martinez,1.4%,No
369,Sherm Lollar,1.4%,No
370,Cliff Floyd,1.4%,No
371,Greg Luzinski,1.4%,No
372,Bob Boone,1.4%,No
373,Roy Sievers,1.4%,No
374,J.J. Hardy,1.4%,No
375,Earl Torgeson,1.3%,No
376,Bob Watson,1.3%,No
377,Tony González,1.3%,No
378,Richie Hebner,1.3%,No
379,Bob Bailey,1.3%,No
380,Lee May,1.3%,No
381,Rubén Sierra,1.3%,No
382,Frank McCormick,1.3%,No
383,Martín Prado,1.3%,No
384,Walker Cooper,1.3%,No
385,Jackie Jensen,1.3%,No
386,Carlos Guillén,1.3%,No
387,Coco Crisp,1.2%,No
388,César Tovar,1.2%,No
389,Orlando Cabrera,1.2%,No
390,Kevin Seitzer,1.2%,No
391,Mike Lowell,1.2%,No
392,Justin Morneau,1.2%,No
393,Tim McCarver,1.2%,No
394,Terry Steinbach,1.2%,No
395,Benito Santiago,1.1%,No
396,Wally Moon,1.1%,No
397,Denard Span,1.1%,No
398,Bobby Ávila,1.1%,No
399,Phil Garner,1.1%,No
400,Raúl Ibañez,1.1%,No
401,Hank Bauer,1.1%,No
402,Mike Hargrove,1.1%,No
403,Tommy Harper,1.1%,No
404,Mark Kotsay,1.1%,No
405,Yunel Escobar,1.0%,No
406,Bill Russell,1.0%,No
407,Steve Sax,1.0%,No
408,Denis Menke,1.0%,No
409,A.J. Pierzynski,1.0%,No
410,Ben Oglivie,1.0%,No
411,Adam Dunn,1.0%,No
412,Mark Ellis,1.0%,No
413,Vinny Castilla,1.0%,No
414,Carlos Peña,1.0%,No
415,Willie Horton,1.0%,No
416,John Mayberry,1.0%,No
417,Ryan Klesko,1.0%,No
418,Howard Johnson,1.0%,No
419,Aaron Hill,1.0%,No
420,Vic Wertz,1.0%,No
421,Marlon Byrd,1.0%,No
422,Andre Thornton,1.0%,No
423,Mike Greenwell,1.0%,No
424,Nick Swisher,1.0%,No
425,Butch Wynegar,1.0%,No
426,Ron Hunt,1.0%,No
427,Aubrey Huff,1.0%,No
428,Chase Headley,1.0%,No
429,Carlos González,0.9%,No
430,Jason Bay,0.9%,No
431,Mike Bordick,0.9%,No
432,Chris Chambliss,0.9%,No
433,Mike Scioscia,0.8%,No
434,Erick Aybar,0.8%,No
435,Juan Uribe,0.8%,No
436,Delino DeShields,0.8%,No
437,Shannon Stewart,0.8%,No
438,Clete Boyer,0.8%,No
439,Jason Varitek,0.8%,No
440,Melky Cabrera,0.8%,No
441,Matty Alou,0.8%,No
442,Greg Gagne,0.7%,No
443,Ray Boone,0.7%,No
444,Mark Grudzielanek,0.7%,No
445,Alexei Ramírez,0.7%,No
446,Joe Rudi,0.7%,No
447,Roy McMillan,0.7%,No
448,Michael Bourn,0.7%,No
449,Elmer Valo,0.7%,No
450,George Bell,0.7%,No
451,Royce Clayton,0.7%,No
452,Davey Johnson,0.7%,No
453,Tommy Davis,0.7%,No
454,John Roseboro,0.7%,No
455,Freddie Patek,0.7%,No
456,Bill Buckner,0.7%,No
457,Rondell White,0.7%,No
458,Jason Thompson,0.7%,No
459,Ramón Hernández,0.7%,No
460,Mike Sweeney,0.6%,No
461,Terry Puhl,0.6%,No
462,Chico Carrasquel,0.6%,No
463,Hank Sauer,0.6%,No
464,Ryan Howard,0.6%,No
465,Chone Figgins,0.6%,No
466,Johnny Ray,0.6%,No
467,José Offerman,0.6%,No
468,Gorman Thomas,0.6%,No
469,Granny Hamner,0.6%,No
470,Rick Burleson,0.6%,No
471,Richie Zisk,0.6%,No
472,Terry Kennedy,0.6%,No
473,Marco Scutaro,0.6%,No
474,Willie Jones,0.6%,No
475,Danny Tartabull,0.6%,No
476,Carlos Baerga,0.6%,No
477,Al Bumbry,0.6%,No
478,Carlos Gómez,0.6%,No
479,Mike Napoli,0.6%,No
480,Tony Taylor,0.6%,No
481,Bobby Higginson,0.6%,No
482,Carl Everett,0.6%,No
483,Ozzie Guillén,0.5%,No
484,Ian Desmond,0.5%,No
485,Casey Blake,0.5%,No
486,Tom Herr,0.5%,No
487,Stan Javier,0.5%,No
488,Jeff Conine,0.5%,No
489,José Cardenal,0.5%,No
490,Juan Pierre,0.5%,No
491,Jeromy Burnitz,0.5%,No
492,Todd Zeile,0.5%,No
493,Bill Bruton,0.5%,No
494,Damion Easley,0.5%,No
495,Dave Cash,0.5%,No
496,Tom Brunansky,0.5%,No
497,George McQuinn,0.5%,No
498,Frank Thomas,0.5%,No
499,Ken Oberkfell,0.5%,No
500,Bill Skowron,0.5%,No
501,Jack Wilson,0.5%,No
502,Whitey Lockman,0.5%,No
503,Dan Uggla,0.5%,No
504,José Vidro,0.5%,No
505,Alvin Davis,0.5%,No
506,Al Smith,0.5%,No
507,Claudell Washington,0.5%,No
508,Juan Samuel,0.5%,No
509,Geoff Jenkins,0.5%,No
510,Jay Buhner,0.5%,No
511,Billy Goodman,0.4%,No
512,Adam Kennedy,0.4%,No
513,Eric Young Sr.,0.4%,No
514,Brad Ausmus,0.4%,No
515,Hideki Matsui,0.4%,No
516,Rich Aurilia,0.4%,No
517,Gus Bell,0.4%,No
518,Ruppert Jones,0.4%,No
519,Dave Kingman,0.4%,No
520,Jerry Mumphrey,0.4%,No
521,Jim Northrup,0.4%,No
522,Eddie Miller,0.4%,No
523,Richie Sexson,0.4%,No
524,Rick Dempsey,0.4%,No
525,Jeff Blauser,0.4%,No
526,Doug Rader,0.4%,No
527,Mark McLemore,0.4%,No
528,David Eckstein,0.4%,No
529,Ronnie Belliard,0.4%,No
530,Pete O'Brien,0.4%,No
531,Norm Siebern,0.4%,No
532,Larry Parrish,0.4%,No
533,Oscar Gamble,0.4%,No
534,Joe Randa,0.4%,No
535,Pat Burrell,0.4%,No
536,Dave Martinez,0.4%,No
537,B.J. Upton,0.3%,No
538,Frank Bolling,0.3%,No
539,Jim Landis,0.3%,No
540,Mark Loretta,0.3%,No
541,Brandon Inge,0.3%,No
542,David DeJesus,0.3%,No
543,Cecil Fielder,0.3%,No
544,Donn Clendenon,0.3%,No
545,Andre Ethier,0.3%,No
546,Roberto Kelly,0.3%,No
547,Mookie Wilson,0.3%,No
548,Zoilo Versalles,0.3%,No
549,Bud Harrelson,0.3%,No
550,Ken Henderson,0.3%,No
551,Jerry Priddy,0.3%,No
552,Terry Moore,0.3%,No
553,Bill Virdon,0.3%,No
554,Jeff Burroughs,0.3%,No
555,Cristian Guzmán,0.3%,No
556,Ed Brinkman,0.3%,No
557,Harold Reynolds,0.3%,No
558,Sam Chapman,0.3%,No
559,José Cruz,0.3%,No
560,Brian McRae,0.2%,No
561,Chris Young,0.2%,No
562,Hubie Brooks,0.2%,No
563,George Case,0.2%,No
564,Frankie Hayes,0.2%,No
565,Johnny Edwards,0.2%,No
566,Jim Gantner,0.2%,No
567,Félix Millán,0.2%,No
568,Walt Weiss,0.2%,No
569,Frank Malzone,0.2%,No
570,Don Blasingame,0.2%,No
571,Dan Driessen,0.2%,No
572,Aurelio Rodríguez,0.2%,No
573,Gregg Jefferies,0.2%,No
574,José Guillén,0.2%,No
575,Jorge Orta,0.2%,No
576,Vic Power,0.2%,No
577,Lyle Overbay,0.2%,No
578,Michael Cuddyer,0.2%,No
579,Del Unser,0.2%,No
580,Glenn Hubbard,0.2%,No
581,Craig Counsell,0.2%,No
582,Eric Karros,0.2%,No
583,Julio Lugo,0.2%,No
584,Johnny Temple,0.2%,No
585,Tony Armas,0.2%,No
586,Bucky Dent,0.2%,No
587,Sean Casey,0.2%,No
588,Kevin Bass,0.2%,No
589,Lou Piniella,0.2%,No
590,Rey Sánchez,0.2%,No
591,Adam LaRoche,0.2%,No
592,Kelly Johnson,0.2%,No
593,José Hernández,0.2%,No
594,Brook Jacoby,0.2%,No
595,Pete Fox,0.2%,No
596,Don Kessinger,0.2%,No
597,Bruce Bochte,0.2%,No
598,Omar Infante,0.2%,No
599,Ted Sizemore,0.2%,No
600,Otis Nixon,0.2%,No
601,Jody Reed,0.2%,No
602,Al Cowens,0.2%,No
603,Tony Clark,0.2%,No
604,Tito Francona,0.2%,No
605,Glenn Beckert,0.2%,No
606,Darryl Hamilton,0.2%,No
607,Dean Palmer,0.2%,No
608,Álex González,0.2%,No
609,Derek Bell,0.2%,No
610,Lee Lacy,0.2%,No
611,Enos Cabell,0.1%,No
612,Matt Stairs,0.1%,No
613,Ray Knight,0.1%,No
614,David Bell,0.1%,No
615,Deron Johnson,0.1%,No
616,Dave Collins,0.1%,No
617,Kendrys Morales,0.1%,No
618,Shawon Dunston,0.1%,No
619,Vince Coleman,0.1%,No
620,J.T. Snow,0.1%,No
621,Spike Owen,0.1%,No
622,Ralph Garr,0.1%,No
623,Julián Javier,0.1%,No
624,Matt Lawton,0.1%,No
625,Rickie Weeks,0.1%,No
626,Mickey Stanley,0.1%,No
627,Bengie Molina,0.1%,No
628,Jay Johnstone,0.1%,No
629,Cookie Rojas,0.1%,No
630,Cass Michaels,0.1%,No
631,David Segui,0.1%,No
632,Horace Clarke,0.1%,No
633,Iván de Jesús,0.1%,No
634,Jeffrey Leonard,0.1%,No
635,Kevin Millar,0.1%,No
636,Alex Gonzalez,0.1%,No
637,Billy Butler,0.1%,No
638,Alfredo Griffin,0.1%,No
639,Adam Lind,0.1%,No
640,Larry Herndon,0.1%,No
641,Jerry Lumpe,0.1%,No
642,Omar Moreno,0.1%,No
643,Héctor López,0.1%,No
644,Juan Beníquez,0.1%,No
645,Jeff Francoeur,0.1%,No
646,Dmitri Young,0.1%,No
647,Dante Bichette,0.1%,No
648,Rick Manning,0.1%,No
649,James Loney,0.1%,No
650,Charlie Hayes,0.1%,No
651,Mark Reynolds,0.1%,No
652,José Vizcaíno,0.1%,No
653,Luis Polonia,0.1%,No
654,Mickey Morandini,0.1%,No
655,Tito Fuentes,0.1%,No
656,Sandy Alomar,0.1%,No
657,Manny Trillo,0.1%,No
658,Rafael Ramírez,0.1%,No
659,Tim Foli,0.1%,No
660,Frankie Gustine,0.1%,No
661,Joe Pepitone,0.1%,No
662,Todd Walker,0.1%,No
663,Dave Philley,0.1%,No
664,Pat Kelly,0.1%,No
665,Bobby Richardson,0.1%,No
666,Jim Hegan,0.0%,No
667,Neifi Pérez,0.0%,No
668,Tommy Helms,0.0%,No
669,Ed Kranepool,0.0%,No
670,Juan Encarnación,0.0%,No
671,Derrel Thomas,0.0%,No
672,Tony Womack,0.0%,No
673,Willie Montañez,0.0%,No
674,Chris Gomez,0.0%,No
675,Keith Moreland,0.0%,No
676,Jim Spencer,0.0%,No
677,Pete Suder,0.0%,No
