,Player,HOF Probability,Inducted,FromYear
1,Mariano Rivera HOF,99.4%,Yes,1995
2,Trevor Hoffman HOF,96.0%,Yes,1993
3,Kenley Jansen,80.0%,No,2010
5,Billy Wagner HOF,71.3%,Yes,1995
6,Craig Kimbrel,66.6%,No,2010
7,Francisco Rodríguez,62.3%,No,2002
9,Aroldis Chapman,45.6%,No,2010
10,Jonathan Papelbon,45.6%,No,2005
11,Joe Nathan,38.5%,No,1999
13,Troy Percival,29.4%,No,1995
18,Huston Street,17.6%,No,2005
19,Francisco Cordero,17.4%,No,1999
21,Roberto Hernández,15.7%,No,1991
22,Robb Nen,14.9%,No,1993
24,Fernando Rodney,11.7%,No,2002
29,Todd Jones,10.6%,No,1993
30,Armando Benítez,10.4%,No,1994
31,José Valverde,9.2%,No,2003
33,Jason Isringhausen,8.4%,No,1995
34,Raisel Iglesias,8.0%,No,2015
35,Rod Beck,7.7%,No,1991
36,Emmanuel Clase,7.0%,No,2019
37,Mark Melancon,6.4%,No,2009
38,Edwin Díaz,6.3%,No,2016
39,Bob Wickman,5.9%,No,1992
41,Josh Hader,5.4%,No,2017
44,Joakim Soria,3.8%,No,2007
46,Ugueth Urbina,3.8%,No,1995
47,Greg Holland,3.3%,No,2010
48,Rafael Soriano,3.0%,No,2002
49,Brad Lidge,2.8%,No,2002
54,Brian Fuentes,2.2%,No,2001
55,Keith Foulke,2.1%,No,1997
56,J.J. Putz,2.0%,No,2003
58,Jeff Shaw,1.8%,No,1990
59,David Robertson,1.8%,No,2008
62,Roberto Osuna,1.6%,No,2015
64,Éric Gagné,1.4%,No,1999
65,Bobby Jenks,1.4%,No,2005
69,Eddie Guardado,1.2%,No,1993
70,Brian Wilson,1.1%,No,2006
71,Danny Graves,1.1%,No,1996
72,Zack Britton,1.1%,No,2011
73,Jim Johnson,1.1%,No,2006
74,Cody Allen,1.0%,No,2012
76,Alex Colomé,1.0%,No,2013
77,Billy Koch,1.0%,No,1999
78,Heath Bell,0.9%,No,2004
79,Chad Cordero,0.9%,No,2003
84,Steve Cishek,0.8%,No,2010
86,Takashi Saito,0.8%,No,2006
89,Kazuhiro Sasaki,0.7%,No,2000
90,Mike Timlin,0.7%,No,1991
92,Ken Giles,0.7%,No,2014
94,Santiago Casilla,0.7%,No,2004
96,Sergio Romo,0.6%,No,2008
99,Koji Uehara,0.6%,No,2009
100,Devin Williams,0.6%,No,2019
102,Brad Ziegler,0.6%,No,2008
103,David Bednar,0.6%,No,2019
104,Ryan Helsley,0.6%,No,2019
105,Trevor Rosenthal,0.5%,No,2012
107,B.J. Ryan,0.5%,No,1999
108,Felipe Vazquez,0.5%,No,2015
109,Wade Davis,0.5%,No,2009
112,Ryan Pressly,0.5%,No,2013
114,Addison Reed,0.5%,No,2011
115,Sean Doolittle,0.5%,No,2012
116,Brad Hand,0.5%,No,2011
118,Jonathan Broxton,0.5%,No,2005
119,Carlos Marmól,0.4%,No,2006
122,Jeurys Familia,0.4%,No,2012
123,Andrés Muñoz,0.4%,No,2019
124,LaTroy Hawkins,0.4%,No,1995
125,Mel Rojas,0.4%,No,1990
127,Andrew Bailey,0.4%,No,2009
128,Neftalí Feliz,0.4%,No,2009
129,AJ Ramos,0.4%,No,2012
130,Octavio Dotel,0.4%,No,1999
131,Hector Neris,0.4%,No,2014
132,Glen Perkins,0.4%,No,2006
134,Mark Wohlers,0.4%,No,1991
135,Jordan Romano,0.4%,No,2019
136,Dave Veres,0.4%,No,1994
137,Blake Treinen,0.4%,No,2014
138,Liam Hendriks,0.3%,No,2011
141,Will Smith,0.3%,No,2012
144,Kirby Yates,0.3%,No,2014
146,Pete Fairbanks,0.3%,No,2019
148,Ryan Madson,0.3%,No,2003
149,Drew Storen,0.3%,No,2010
151,Héctor Rondón,0.3%,No,2013
152,Billy Taylor,0.3%,No,1994
153,Akinori Otsuka,0.3%,No,2004
155,Taylor Rogers,0.3%,No,2016
158,Rafael Betancourt,0.3%,No,2003
159,Casey Janssen,0.3%,No,2006
160,Tyler Clippard,0.3%,No,2007
164,Grant Balfour,0.2%,No,2001
165,Tanner Scott,0.2%,No,2017
166,Dellin Betances,0.2%,No,2011
167,Corey Knebel,0.2%,No,2014
171,Jake McGee,0.2%,No,2010
173,Paul Sewald,0.2%,No,2017
174,Kelvin Herrera,0.2%,No,2011
175,Byung-Hyun Kim,0.2%,No,1999
178,Clay Holmes,0.2%,No,2018
179,Jeremy Jeffress,0.2%,No,2010
180,Scott Williamson,0.2%,No,1999
182,Mike Gonzalez,0.2%,No,2003
183,Daniel Bard,0.2%,No,2009
184,Ryan Franklin,0.2%,No,1999
185,Darren O'Day,0.2%,No,2008
187,Brandon Lyon,0.2%,No,2001
188,Bob Howry,0.2%,No,1998
189,Luke Gregerson,0.2%,No,2009
190,Emilio Pagán,0.2%,No,2017
191,Frank Francisco,0.2%,No,2004
194,Greg McMichael,0.2%,No,1993
195,Chad Qualls,0.2%,No,2004
196,Jeff Zimmerman,0.2%,No,1999
197,Scott Barlow,0.2%,No,2018
198,Jason Adam,0.2%,No,2018
201,Sam Dyson,0.2%,No,2012
202,Brandon Kintzler,0.2%,No,2010
203,Jason Motte,0.2%,No,2008
204,Kerry Wood,0.2%,No,1998
205,Tim Worrell,0.2%,No,1993
206,Tom Wilhelmsen,0.2%,No,2011
208,José Leclerc,0.2%,No,2016
210,Adam Ottavino,0.2%,No,2010
212,Evan Phillips,0.1%,No,2018
213,Seunghwan Oh,0.1%,No,2016
215,Tyler Rogers,0.1%,No,2019
216,Curt Leskanic,0.1%,No,1993
217,José Alvarado,0.1%,No,2017
218,Kelvim Escobar,0.1%,No,1997
220,Scott Radinsky,0.1%,No,1990
221,George Sherrill,0.1%,No,2004
222,Andrew Miller,0.1%,No,2006
225,Mike Adams,0.1%,No,2004
229,Joaquín Benoit,0.1%,No,2001
230,A.J. Minter,0.1%,No,2017
231,Tony Watson,0.1%,No,2011
233,Seranthony Domínguez,0.1%,No,2018
235,Jeff Nelson,0.1%,No,1992
237,Dámaso Marte,0.1%,No,1999
238,Steve Kline,0.1%,No,1997
239,Diego Castillo,0.1%,No,2018
241,Giovanny Gallegos,0.1%,No,2017
242,Brusdar Graterol,0.1%,No,2019
244,Kerry Ligtenberg,0.1%,No,1997
245,Keone Kela,0.1%,No,2015
247,Will Harris,0.1%,No,2012
248,Bryan Abreu,0.1%,No,2019
249,C.J. Wilson,0.1%,No,2005
250,Pat Neshek,0.1%,No,2006
251,Pedro Strop,0.1%,No,2009
253,Jason Frasor,0.1%,No,2004
254,Scot Shields,0.1%,No,2001
256,Joe Smith,0.1%,No,2007
257,Mychal Givens,0.1%,No,2015
258,Shigetoshi Hasegawa,0.1%,No,1997
259,Jonny Venters,0.1%,No,2010
261,Blake Parker,0.1%,No,2012
264,Chad Green,0.1%,No,2016
265,Steve Karsay,0.1%,No,1993
267,Hideki Okajima,0.1%,No,2007
268,Daniel Hudson,0.1%,No,2009
273,Justin Duchscherer,0.1%,No,2001
274,Dan Wheeler,0.1%,No,1999
275,Hunter Strickland,0.1%,No,2014
276,Matt Thornton,0.1%,No,2004
278,Alberto Reyes,0.1%,No,1995
279,Steve Reed,0.1%,No,1992
280,Brad Brach,0.1%,No,2011
281,Jared Hughes,0.1%,No,2011
282,Chad Bradford,0.1%,No,1998
283,Scott Downs,0.1%,No,2000
284,Richard Rodríguez,0.1%,No,2017
285,Jimmy Herget,0.1%,No,2019
287,Ricardo Rincón,0.1%,No,1997
288,Andrew Chafin,0.1%,No,2014
289,Jesse Crain,0.1%,No,2004
290,Brandon Morrow,0.1%,No,2007
291,Chris Martin,0.1%,No,2014
292,Brendan Donnelly,0.1%,No,2002
293,Vinnie Pestano,0.1%,No,2010
294,Alex Claudio,0.1%,No,2014
296,Paul Shuey,0.1%,No,1994
297,David Riske,0.1%,No,1999
298,Archie Bradley,0.1%,No,2015
299,Arthur Rhodes,0.1%,No,1991
301,Turk Wendell,0.1%,No,1993
302,Richard Bleier,0.1%,No,2016
303,Matt Strahm,0.1%,No,2016
304,Michael King,0.1%,No,2019
305,Peter Moylan,0.1%,No,2006
307,Kiko Calero,0.1%,No,2003
309,Paul Quantrill,0.1%,No,1992
312,Ryan Tepera,0.1%,No,2015
314,Scott Alexander,0.1%,No,2015
315,Nick Anderson,0.1%,No,2019
316,Andrew Kittredge,0.1%,No,2017
319,Rich Garcés,0.1%,No,1990
321,Javier López,0.1%,No,2003
322,Justin Wilson,0.1%,No,2012
323,Scott Oberg,0.1%,No,2015
324,Ramón Ramírez,0.1%,No,2006
325,Jim Mecir,0.1%,No,1995
326,Pedro Báez,0.1%,No,2014
327,Antonio Osuna,0.1%,No,1995
328,Caleb Thielbar,0.1%,No,2013
329,Justin Speier,0.1%,No,1998
330,T.J. Mathews,0.1%,No,1995
331,Héctor Carrasco,0.1%,No,1994
333,Seth Lugo,0.1%,No,2016
334,Jeff Fassero,0.1%,No,1991
335,Michael Wuertz,0.1%,No,2004
336,Al Alburquerque,0.1%,No,2011
337,Mike Remlinger,0.1%,No,1991
338,Jonathan Loaisiga,0.1%,No,2018
339,Sean Marshall,0.1%,No,2006
340,Craig Breslow,0.1%,No,2005
341,J.P. Howell,0.1%,No,2005
343,Pedro Feliciano,0.1%,No,2002
344,Alex Wilson,0.1%,No,2013
345,Michael Fulmer,0.1%,No,2016
346,Carl Edwards Jr.,0.1%,No,2015
347,Alexi Ogando,0.1%,No,2010
348,Nick Vincent,0.1%,No,2012
349,Sean Burnett,0.1%,No,2004
350,Tommy Hunter,0.1%,No,2008
352,Scott Linebrink,0.1%,No,2000
353,Kendall Graveman,0.1%,No,2014
355,Matt Guerrier,0.1%,No,2004
356,Hung-Chih Kuo,0.1%,No,2005
357,Ron Mahay,0.1%,No,1995
358,Félix Rodríguez,0.1%,No,1995
359,Brent Suter,0.1%,No,2016
360,Ramiro Mendoza,0.1%,No,1996
361,Adam Warren,0.1%,No,2012
362,Danny Patterson,0.1%,No,1996
363,Brooks Raley,0.1%,No,2012
364,Scott Sullivan,0.1%,No,1995
365,Gabe White,0.1%,No,1994
366,Joba Chamberlain,0.1%,No,2007
367,Jerry Blevins,0.1%,No,2007
368,Drew Pomeranz,0.1%,No,2011
369,Jeffrey Springs,0.1%,No,2018
370,Kris Medlen,0.1%,No,2009
371,Doug Brocail,0.1%,No,1992
373,Joel Peralta,0.1%,No,2005
374,Luis Avilán,0.1%,No,2012
376,J.C. Romero,0.1%,No,1999
377,Craig Stammen,0.1%,No,2009
378,Reynaldo López,0.1%,No,2016
379,Nick Martinez,0.1%,No,2014
380,Michael Lorenzen,0.1%,No,2015
381,Juan Rincón,0.1%,No,2001
383,Randy Choate,0.1%,No,2000
385,Brad Keller,0.1%,No,2018
386,Yusmeiro Petit,0.1%,No,2006
387,David Phelps,0.1%,No,2012
388,Josh Collmenter,0.1%,No,2011
389,Joe Kelly,0.1%,No,2012
390,Darren Oliver,0.1%,No,1993
391,Collin McHugh,0.1%,No,2012
393,Rheal Cormier,0.0%,No,1991
394,Jakob Junis,0.0%,No,2017
395,Gil Heredia,0.0%,No,1991
397,Chris Hammond,0.0%,No,1990
398,Dave Burba,0.0%,No,1990
399,Ryan Yarbrough,0.0%,No,2018
400,Omar Daal,0.0%,No,1993
